station_id,stratum,latitude,longitude,X,Y,day_of_year
A-02,50,55.00199952,-166.9356302,759.9042433,6102.570623,175.5714286
A-03,50,55.00577071,-166.3372621,798.1129489,6105.379915,172.3095238
A-04,50,54.9992469,-165.7526948,835.5079734,6107.307083,170.6666667
A-05,50,54.9963969,-165.1525114,873.8661994,6110.040159,167.4047619
A-06,31,55.03012441,-164.5795185,910.1053954,6117.005768,164.5294118
AA-01,71,63.68197833,-168.2798167,634.5294899,7064.440126,220.5
AA-02,71,63.67199833,-167.5285333,671.720759,7065.129393,219.8333333
AA-03,71,63.67588,-166.78822,708.2763016,7067.763004,222
AA-04,71,63.66568333,-166.06407,744.1239992,7069.193486,221
AA-05,71,63.66313333,-165.318855,780.9378549,7071.973774,218.3333333
AA-06,71,63.67305667,-164.5815767,817.1983548,7076.529956,218.8333333
AA-07,71,63.66732667,-163.82013,854.7869963,7079.903665,219
AA-08,71,63.66382833,-163.0577583,892.3670985,7083.981065,218.8333333
AA-18,71,63.67483667,-168.9992167,598.9860832,7062.330427,217.8333333
AA-19,71,63.65955833,-169.74247,562.252746,7059.690977,218
AA-21,71,63.6990075,-171.053325,497.3637387,7063.475542,216
AA-22,70,63.64523833,-172.049145,448.0361908,7057.909394,217.5
AA-23,81,63.661972,-172.719802,414.873789,7060.492738,218
B-01,50,55.34148073,-167.546902,718.9628608,6138.222247,177.3414634
B-02,50,55.33109643,-166.969726,755.6089928,6139.035372,175.9761905
B-03,50,55.3385569,-166.3514393,794.738225,6142.310171,171.9047619
B-04,50,55.33288595,-165.783331,830.7726087,6144.23465,170.0952381
B-05,50,55.32997976,-165.168704,869.7260151,6147.008158,167.7619048
B-06,31,55.34094048,-164.565306,907.8162805,6151.601354,166.3333333
B-07,31,55.33816333,-164.011554,942.883252,6154.684498,163.2142857
B-08,31,55.34524,-163.4162449,980.4485025,6159.429219,161.6585366
BB-01,71,64.014755,-168.298835,632.020032,7101.456463,219.5
BB-02,71,64.01870167,-167.5622667,667.9724681,7103.62991,220
BB-03,71,64.00585833,-166.8014133,705.2057724,7104.429224,221
BB-04,71,63.99585167,-166.047415,742.0917283,7105.963841,219.6666667
BB-05,71,64.01074333,-165.3245333,777.2129548,7110.566661,218.6666667
BB-06,71,64.00089667,-164.562915,814.4332567,7113.012797,218
BB-07,71,64.00615667,-163.8179917,850.6427195,7117.489481,218.1666667
BB-08,71,63.99948333,-163.0597767,887.6133349,7121.150229,218.1666667
BB-09,71,64.0042,-162.29103,924.8974607,7126.584925,218.5
BB-10,71,63.99930833,-161.5316517,961.8260539,7131.342681,218.6666667
BB-18,71,63.99953333,-169.0577517,594.9899644,7098.409419,218.3333333
BB-19,71,63.98445333,-169.7852467,559.4464914,7095.848109,217.8333333
BB-20,71,63.99350833,-170.5614033,521.4575623,7096.364592,217.3333333
BB-21,71,64.02679,-171.342625,483.2575765,7100.044455,217.3333333
BB-22,71,64.00187,-171.986405,451.7574831,7097.595805,217.3333333
C-01,50,55.66578262,-167.5828167,714.9114593,6174.177812,177.9047619
C-02,50,55.66743976,-166.9830555,752.5997581,6176.384511,175.7619048
C-03,50,55.67095452,-166.3857571,790.1062469,6179.114132,171.6428571
C-04,50,55.66686357,-165.7995279,826.9628522,6181.270413,170.1190476
C-05,31,55.66376952,-165.1778712,866.029828,6184.037204,167.7380952
C-06,31,55.66217571,-164.590016,902.9500181,6187.125537,166.3571429
C-07,31,55.6837581,-164.0037021,939.5001622,6193.091571,163.5
C-08,31,55.66983952,-163.4012967,977.4341788,6195.541864,161.6428571
C-09,10,55.67422952,-162.8258226,1013.446665,6200.154759,160.0238095
C-18,50,55.67090952,-168.186181,676.9541803,6173.043152,182.4761905
CC-01,71,64.33714833,-168.339185,628.5469322,7137.275498,219.5
CC-02,71,64.33522667,-167.5768867,665.3615953,7138.824478,219.8333333
CC-03,71,64.34024667,-166.8315783,701.2925986,7141.533863,219.5
CC-04,71,64.331005,-166.0235083,740.3383758,7143.315336,218.3333333
CC-05,71,64.32581833,-165.335075,773.5738376,7145.524616,218.1666667
CC-06,71,64.32656333,-164.5576267,811.0171659,7149.187009,218
CC-07,71,64.33537167,-163.8073317,847.0146631,7154.054492,218.1666667
CC-08,71,64.26025833,-163.1286917,880.6686616,7149.620812,218.3333333
CC-09,71,64.33816,-162.2844167,920.1204981,7163.575514,218.5
CC-10,71,64.31727,-161.5722917,954.604647,7166.180619,218.5
CC-18,71,64.31712,-169.1026167,591.7414389,7133.72163,218.6666667
CC-19,71,64.31124,-169.8287633,556.6471877,7132.219028,217.6666667
CC-20,71,64.320405,-170.6171967,518.5089591,7132.77429,218
CC-21,71,64.275508,-171.17145,491.6966844,7127.726555,219.6
D-01,50,56.0053569,-167.6155007,711.0086424,6211.845308,177.3571429
D-02,50,56.00819548,-167.006949,748.9095907,6214.187811,174.4285714
D-03,50,56.00186976,-166.4010507,786.6970895,6215.835264,171.7560976
D-04,31,56.00211738,-165.7880076,824.8745925,6218.579475,170.047619
D-05,31,55.99934595,-165.1793455,862.7931945,6221.305628,167.9285714
D-06,31,55.99834571,-164.5860121,899.7295532,6224.475537,166.4047619
D-07,31,56.00236143,-164.0111095,935.4486272,6228.405031,163.547619
D-08,31,56.00284952,-163.3950886,973.742335,6232.525121,161.8571429
D-09,31,56.00035119,-162.8165157,1009.727279,6236.381128,160.0952381
D-10,31,56.00513476,-162.2469202,1045.036491,6241.277886,159.1428571
D-18,50,55.99804548,-168.219389,673.4039031,6209.351445,181.3571429
DD-01,71,64.66632333,-168.3595517,626.0374976,7173.893352,218.8333333
DD-02,71,64.675675,-167.6130533,661.5912675,7176.628842,219
DD-03,71,64.66134667,-166.8310317,698.9686708,7177.259451,219
DD-18,71,64.657325,-169.136285,589.000898,7171.573384,219
DD-19,71,64.65559333,-169.8940417,552.8217478,7170.532789,218.3333333
DD-20,71,64.64007,-170.6418517,517.1159204,7168.390416,218.6666667
E-01,50,56.335785,-167.6488045,707.1454356,6248.496897,177.6904762
E-02,50,56.33334405,-167.0347798,745.0938561,6250.24399,174.7142857
E-03,31,56.33519238,-166.414676,783.379833,6252.832414,171.5952381
E-04,31,56.33182463,-165.8041407,821.102456,6255.142602,170.3170732
E-05,31,56.33703571,-165.1979774,858.4671694,6258.719162,168.0714286
E-06,31,56.33436429,-164.5834357,896.404545,6261.799772,166.7142857
E-07,31,56.3396069,-163.9953831,932.606484,6265.932631,164
E-08,31,56.33022952,-163.4072495,968.9654094,6268.75628,162
E-09,31,56.33537905,-162.796811,1006.503704,6273.669072,160.2142857
E-10,31,56.33777452,-162.196109,1043.449225,6278.536321,158.9047619
E-11,10,56.3322122,-161.6107398,1079.544741,6282.719544,157.4146341
E-12,10,56.33605857,-160.9871933,1117.820663,6288.599919,156.4047619
E-18,50,56.33182476,-168.2415081,670.5387652,6246.429517,181.5714286
E-19,50,56.33703024,-168.869231,631.7209082,6245.630117,183.3333333
E-20,50,56.37109488,-169.4582444,595.2280813,6248.449603,184.7317073
E-21,50,56.33932238,-170.0609629,558.0505229,6244.242252,185.5952381
E-22,61,56.33793333,-170.6741398,520.1454557,6243.739369,187.3571429
EE-01,71,65.00647667,-168.3504,624.8874101,7211.794276,219.1666667
EE-02,71,64.99341333,-167.620625,659.3398805,7211.980729,218.6666667
EE-18,71,65.01564833,-169.118915,588.6435497,7211.517687,217.8333333
EE-19,71,65.00253333,-169.91114,551.3401527,7209.179076,217.6666667
F-01,31,56.66927405,-167.66816,704.1486661,6285.533704,177.0952381
F-02,31,56.66806929,-167.0662752,741.0138429,6287.354885,175.1428571
F-03,31,56.66614976,-166.4349038,779.6810602,6289.541086,171.7619048
F-04,31,56.66195643,-165.8438721,815.8891587,6291.645108,170.1904762
F-05,31,56.66850833,-165.2133802,854.4050568,6295.460031,167.9761905
F-06,31,56.67093262,-164.5985686,891.9748199,6299.082784,166.6666667
F-07,31,56.66666381,-164.0008717,928.5521255,6302.19461,163.9761905
F-08,31,56.66651452,-163.3851679,966.1678104,6306.207758,162.047619
F-09,31,56.66849286,-162.7827488,1002.922697,6310.700086,160.047619
F-10,31,56.67126905,-162.1822586,1039.522013,6315.592307,158.7857143
F-11,31,56.66628333,-161.5822902,1076.178985,6319.945751,157.2380952
F-12,31,56.66758833,-160.979846,1112.868026,6325.343345,156.4761905
F-13,31,56.66757643,-160.3659531,1150.246237,6331.032743,155.6428571
F-14,10,56.67785714,-159.7463802,1187.750054,6338.257718,155.1666667
F-18,50,56.66208429,-168.2894871,666.1228685,6283.055538,181.047619
F-19,32,56.66922905,-168.9078243,628.2093904,6282.523145,182.3571429
F-20,32,56.67124463,-169.5085829,591.3937279,6281.785329,183.4146341
F-21,42,56.66586714,-170.1193631,553.9745041,6280.539376,185.1190476
F-22,61,56.66659405,-170.7309024,516.4929904,6280.306083,186.9761905
F-23,61,56.66909902,-171.3492283,478.5972427,6280.607049,191.8536585
F-24,61,56.6685269,-171.9592802,441.2097344,6280.900079,194.547619
F-25,61,56.6720731,-172.5643129,404.1417666,6281.977073,196.1904762
FF-01,71,65.33082667,-168.3882883,621.6069,7247.844612,218.5
FF-02,71,65.29777833,-167.7811267,650.0481101,7245.472566,218.6666667
FF-18,71,65.237418,-168.898864,598.1879974,7236.549838,218.6
G-01,31,57.00069786,-167.7014155,700.3332434,6322.302145,176.3095238
G-02,31,56.99889238,-167.0884802,737.5484966,6324.067195,175.1666667
G-03,31,57.0011119,-166.4618819,775.5554826,6326.669617,172.1904762
G-04,31,56.99504762,-165.8483181,812.8236022,6328.6414,170.8333333
G-05,31,57.00188143,-165.2204924,850.8323951,6332.455635,168
G-06,31,56.99971143,-164.6097012,887.8717965,6335.524274,166.5
G-07,31,57.00498167,-164.0094414,924.1745967,6339.686535,164.1904762
G-08,31,57.0016719,-163.3934536,961.506086,6343.32526,162.2142857
G-09,31,56.999615,-162.7852638,998.3335722,6347.38585,159.8809524
G-10,31,57.005915,-162.1670571,1035.626705,6352.782838,158.7380952
G-11,31,56.99775524,-161.564514,1072.158154,6356.789223,157.1666667
G-12,31,56.99628762,-160.9494664,1109.324215,6361.97549,156.6666667
G-13,31,56.99930119,-160.3316512,1146.552355,6368.024001,155.5
G-14,10,56.99907643,-159.7035521,1184.422048,6374.162061,155.1904762
G-15,10,57.00182357,-159.1239343,1219.280595,6380.468172,154.0952381
G-18,32,56.99952524,-168.3395183,661.5970641,6320.480493,180.4285714
G-19,32,57.00115405,-168.9564893,624.1243991,6319.371128,181.6904762
G-20,42,56.99737762,-169.5576724,587.620744,6318.018992,183.1904762
G-21,42,56.99951976,-170.1712824,550.342771,6317.637809,184.8333333
G-22,42,56.9992031,-170.7819279,513.2476897,6317.318356,187.452381
G-23,61,56.99950952,-171.3974955,475.8527549,6317.401572,191.7380952
G-24,61,57.00056634,-172.0299137,437.4372514,6317.920567,194.2926829
G-25,61,56.996825,-172.6513136,399.6833057,6318.244973,196.2380952
G-26,61,57.00217524,-173.249709,363.3571983,6319.878417,197.8095238
H-01,31,57.33285357,-167.7379181,696.3477286,6359.145937,176.047619
H-02,31,57.33246143,-167.1200202,733.5201937,6361.055085,175.3571429
H-03,31,57.33329786,-166.4849179,771.7074639,6363.507792,172.2857143
H-04,31,57.33099619,-165.8659348,808.936569,6365.895911,170.7619048
H-05,31,57.33232024,-165.2343679,846.8770284,6369.091135,167.8571429
H-06,31,57.33446405,-164.6169345,883.9397269,6372.6514,166.3095238
H-07,31,57.33094619,-163.9996893,921.0328723,6375.920738,164.2380952
H-08,10,57.33351952,-163.3845402,957.9106477,6380.190812,162.3571429
H-09,10,57.33571429,-162.7683979,994.8253929,6384.762751,159.7619048
H-10,10,57.33737429,-162.1497731,1031.867678,6389.632987,158.8571429
H-11,31,57.33027857,-161.5389231,1068.550642,6393.810062,157.5
H-12,31,57.33170881,-160.9327048,1104.802099,6399.223221,156.7380952
H-13,31,57.33414095,-160.2994579,1142.619019,6405.332219,155.3809524
H-14,10,57.33556262,-159.6666736,1180.387953,6411.683768,155.1904762
H-15,10,57.33075048,-159.0671126,1216.25861,6417.353706,154.1190476
H-16,10,57.32819667,-158.4171324,1255.062559,6424.159918,153.6190476
H-18,32,57.33225238,-168.3715455,658.2242147,6357.427725,180.4285714
H-19,42,57.33434667,-168.9897838,621.0087892,6356.392159,181.8095238
H-20,42,57.33300214,-169.60553,583.9495687,6355.315217,183.6428571
H-21,42,57.33278048,-170.227581,546.5026041,6354.69436,185
H-22,42,57.34145857,-170.8549919,508.7280943,6355.405835,187.5238095
H-23,41,57.33308452,-171.46182,472.1966599,6354.558655,191.7380952
H-24,61,57.33497929,-172.0982107,433.8882842,6355.208665,193.6428571
H-25,61,57.33907,-172.773509,393.2519261,6356.521697,196.2380952
H-26,61,57.33369024,-173.3273198,359.9041404,6356.927536,198
I-01,31,57.66834095,-167.7623207,693.0989171,6396.39843,176.452381
I-02,31,57.66342905,-167.1322467,730.6859953,6397.82236,175.6190476
I-03,31,57.66500857,-166.5048124,768.0660195,6400.307765,172.3809524
I-04,31,57.66521833,-165.8798267,805.2946479,6402.976891,171.0952381
I-05,31,57.66845976,-165.2490074,842.8257956,6406.356952,167.8095238
I-06,10,57.66868048,-164.6176445,880.3962722,6409.755683,166.3095238
I-07,10,57.66404381,-163.997894,917.311712,6412.89589,164.4047619
I-08,10,57.66451286,-163.3710452,954.5732673,6416.99038,162.4285714
I-09,10,57.6714269,-162.749281,991.4206216,6422.109978,159.9047619
I-10,10,57.66897881,-162.1321179,1028.092134,6426.498258,158.952381
I-11,10,57.66484667,-161.4975574,1065.7998,6431.184289,157.7142857
I-12,31,57.66903071,-160.8850017,1102.042889,6436.951549,157.0238095
I-13,31,57.66987439,-160.2658556,1138.696197,6442.745194,155.6097561
I-14,10,57.6671081,-159.6336205,1176.156345,6448.613041,155.2142857
I-15,10,57.66511452,-159.0209595,1212.413609,6454.715668,154.1428571
I-16,10,57.65589714,-158.3585824,1251.723845,6460.913408,153.6428571
I-18,42,57.66672071,-168.4012529,655.011749,6394.577277,180.2380952
I-19,42,57.66678595,-169.035234,617.2027839,6393.311612,181.547619
I-20,42,57.66639833,-169.653129,580.3483599,6392.368251,183.6666667
I-21,42,57.66221476,-170.2747583,543.2708986,6391.33588,185.2857143
I-22,42,57.668665,-170.8955183,506.2327689,6391.827378,188
I-23,41,57.66838976,-171.5310005,468.3235447,6391.915964,190.9047619
I-24,61,57.66854167,-172.1700262,430.2048591,6392.411034,193.0238095
I-25,61,57.66789317,-172.7960224,392.8649417,6393.155656,195.5365854
I-26,61,57.67001357,-173.3917876,357.3428383,6394.489287,197.5714286
J-01,41,57.99913619,-167.8034367,688.9079232,6433.084669,176.8809524
J-02,31,58.0001231,-167.168776,726.3858513,6435.14643,175.8571429
J-03,31,57.99565214,-166.5221083,764.5985363,6437.001246,172.9047619
J-04,10,57.9979881,-165.902536,801.1495157,6439.858335,171.3571429
J-05,10,58.00583667,-165.2498588,839.580328,6443.830599,167.9285714
J-06,10,58.00294024,-164.6190114,876.801519,6446.860694,166.3095238
J-07,10,57.99621595,-164.0107567,912.7216026,6449.677399,164.3095238
J-08,10,57.9945331,-163.3703719,950.4633508,6453.593885,162.5
J-09,10,58.00513286,-162.7493145,986.8787644,6459.092769,159.8095238
J-10,10,57.99911143,-162.1162167,1024.19828,6463.182926,158.6904762
J-11,10,57.99238881,-161.4845133,1061.430767,6467.538404,157.7142857
J-12,10,57.99780439,-160.8499144,1098.612886,6473.615296,157.0731707
J-13,10,58.00273605,-160.2128386,1135.904144,6480.017198,155.4883721
J-14,10,58.00573952,-159.6049224,1171.477539,6486.272234,155.2380952
J-15,10,57.99151317,-158.963699,1209.30256,6491.306832,154.3170732
J-16,10,57.99310512,-158.3176434,1247.067562,6498.505563,153.9512195
J-18,42,58.00208214,-168.4349814,651.5852276,6431.820288,180.0238095
J-19,42,58.00015667,-169.0699714,614.0725139,6430.357188,181.5714286
J-20,42,57.9998069,-169.7006348,576.8019818,6429.427245,183.7142857
J-21,42,58.00012357,-170.3362688,539.2321062,6428.916629,185.3571429
J-22,42,57.99833286,-170.9674355,501.9249527,6428.525015,187.8095238
J-23,41,57.99995357,-171.5970424,464.7095312,6428.860922,190.452381
J-24,61,57.99978667,-172.2453645,426.3895886,6429.364876,193.5
J-25,61,57.99893643,-172.8648243,389.7769668,6430.113112,195.8571429
J-26,61,57.997855,-173.4743605,353.7536786,6431.149971,197.4761905
K-01,41,58.33179024,-167.8341429,685.3548982,6470.010462,176.0238095
K-02,20,58.33380095,-167.1886686,723.1105791,6472.19376,175.3095238
K-03,10,58.33345738,-166.5540176,760.2336299,6474.436152,172.2142857
K-04,10,58.3296819,-165.919129,797.3857494,6476.64926,170.5952381
K-05,10,58.33522643,-165.285136,834.388795,6480.245198,167.1666667
K-06,10,58.33579857,-164.6375955,872.2049642,6483.714201,165.4761905
K-07,10,58.33362333,-164.0051219,909.1508883,6487.152549,163.8095238
K-08,10,58.33102881,-163.3671333,946.4056497,6490.931032,162.4761905
K-09,10,58.33205833,-162.71468,984.4340117,6495.572021,159.6666667
K-10,10,58.32096476,-162.0502119,1023.310936,6499.337076,158.4047619
K-11,10,58.24733,-161.5049288,1056.224659,6495.577452,157.6666667
K-12,10,58.30245548,-160.7709507,1098.085892,6507.997204,157.1904762
K-13,10,58.27758725,-160.0236595,1141.996232,6512.173197,155.55
K-14,10,58.33111881,-159.5492781,1168.558754,6522.730067,155.1666667
K-18,41,58.33377405,-168.4675757,648.2725017,6468.660861,178.9761905
K-19,41,58.33216071,-169.1176669,610.2221338,6467.232803,180.9047619
K-20,41,58.33706071,-169.7345093,574.0952535,6466.933687,183.4285714
K-21,41,58.33315357,-170.3821552,536.1801852,6465.968186,185
K-22,41,58.33505357,-171.0200855,498.8238736,6466.013874,187.5238095
K-23,41,58.33392476,-171.6456643,462.1915935,6466.069336,189.7619048
K-24,61,58.33648,-172.297565,424.0256734,6466.904793,192.4285714
K-25,61,58.33281738,-172.9287943,387.0598294,6467.382923,194.547619
K-26,61,58.32672738,-173.5602217,350.0706117,6467.938228,197.7857143
K-27,61,58.33850524,-174.2943836,307.1603785,6471.11882,200.3571429
L-01,20,58.66703524,-167.8683998,681.6100581,6507.21808,176.547619
L-02,20,58.66851333,-167.2207829,719.1349596,6509.31835,175.7380952
L-03,20,58.66587143,-166.5673181,757.0128258,6511.345978,172.4285714
L-04,10,58.66314,-165.9298407,793.9559691,6513.663589,170.8095238
L-05,10,58.667085,-165.3028105,830.220152,6517.023891,166.7619048
L-06,10,58.67022571,-164.6524464,867.8157788,6520.763484,165.047619
L-07,10,58.66518595,-164.0012633,905.5250956,6523.967057,163.547619
L-08,10,58.66246857,-163.3500645,943.1923185,6527.797372,162.0238095
L-09,10,58.65094976,-162.6973574,981.0473352,6531.032498,160
L-18,20,58.66757452,-168.4968226,645.1758479,6505.746664,178.9761905
L-19,41,58.66323929,-169.1512331,607.2426705,6504.032513,180.8095238
L-20,41,58.66649714,-169.7851131,570.4693831,6503.555433,183.452381
L-21,41,58.66714929,-170.4349612,532.7752861,6503.127906,185
L-22,41,58.66459143,-171.0836105,495.149753,6502.708081,187.6904762
L-23,41,58.67039476,-171.7181905,458.3451544,6503.574235,189.547619
L-24,61,58.67061571,-172.3699498,420.546321,6504.187266,192.1904762
L-25,61,58.66540238,-172.9962314,384.2119533,6504.518497,194.5714286
L-26,61,58.66832024,-173.6333369,347.28098,6506.118783,198.1666667
L-27,61,58.67011143,-174.2773798,309.9566736,6507.964438,200.6666667
L-28,61,58.71878095,-174.9255679,272.712807,6515.397122,203.7857143
L-29,61,58.67261452,-175.5485212,236.3280184,6512.545827,204.7380952
L-30,61,58.67161122,-176.2052298,198.2960206,6515.205659,205.2682927
L-31,61,58.67370659,-176.8432878,161.3893921,6518.489171,205.5609756
M-01,20,58.99880537,-167.8889368,678.7027312,6544.079166,176.2682927
M-02,20,59.0003831,-167.2336702,716.308763,6546.192109,175.952381
M-03,20,59.00044905,-166.5839955,753.5883495,6548.4851,172.3809524
M-04,20,58.99896262,-165.9347336,790.8418416,6550.967163,170.452381
M-05,10,59.00475143,-165.3009355,827.1253438,6554.544833,166.6190476
M-06,10,58.99651976,-164.6562583,864.1489933,6556.970728,164.9285714
M-07,10,58.99782786,-163.9978119,901.8456218,6560.897681,163.3571429
M-08,10,58.98579488,-163.3476966,939.2078212,6563.66454,162
M-18,20,58.9999622,-168.5331471,641.7060065,6542.663263,178.6829268
M-19,41,59.00112929,-169.183046,604.3765796,6541.596563,180.8809524
M-20,41,59.0018019,-169.8344671,566.9568893,6540.83646,183.4285714
M-21,41,59.00218,-170.4813933,529.7930765,6540.410341,184.8333333
M-22,41,58.99565571,-171.1285845,492.6115945,6539.575385,187.952381
M-23,41,59.00154167,-171.7823062,455.0573669,6540.486689,189.3809524
M-24,41,59.0033119,-172.4378588,417.4036916,6541.309264,191.5714286
M-25,61,59.00207571,-173.0796321,380.5398312,6542.141832,194.2619048
M-26,61,58.9957581,-173.714374,344.0611335,6542.746637,198.5238095
M-27,61,59.00495167,-174.3709974,306.4086863,6545.487347,201.1428571
M-28,61,59.0045631,-175.0038393,270.0885608,6547.450484,203.1428571
M-29,61,58.99905643,-175.7306036,228.3535574,6549.567675,204.5238095
M-30,61,59.00075,-176.318478,194.6541014,6552.296672,205.3170732
M-31,61,58.9959239,-176.9531573,158.2263921,6554.837964,205.4878049
M-32,61,59.00254875,-177.5812963,122.3087126,6558.96123,205.15
N-01,20,59.32805146,-167.9223815,675.0911173,6580.627753,176.0731707
N-02,20,59.3321819,-167.2611769,712.6590094,6583.012923,174.9761905
N-03,20,59.33680643,-166.6037136,749.9879542,6585.812524,171.8809524
N-04,20,59.32910262,-165.9482398,787.2820788,6587.602625,170.3333333
N-05,20,59.32883585,-165.3044388,823.841305,6590.530657,166.1463415
N-06,10,59.32894643,-164.6468621,861.1588869,6593.93042,164.5952381
N-07,10,59.32434905,-164.0014917,897.8162435,6597.105298,163.2142857
N-18,20,59.33510146,-168.5650978,638.5091116,6579.898871,178.5609756
N-19,20,59.33629488,-169.2369744,600.2928665,6578.827062,180.5853659
N-20,41,59.33494732,-169.8689656,564.3463284,6577.895884,183.3170732
N-21,41,59.33302381,-170.5380619,526.2825532,6577.226499,185.3333333
N-22,41,59.32936548,-171.1818002,489.6550879,6576.742104,188.6666667
N-23,43,59.335815,-171.8353569,452.4757688,6577.744193,190.1666667
N-24,43,59.33118214,-172.5007783,414.6109316,6577.89227,192.952381
N-25,43,59.33337048,-173.1518874,377.5800526,6579.151717,194.7857143
N-26,62,59.33011833,-173.800471,340.6796493,6580.161792,198.4047619
N-27,62,59.33161976,-174.4386817,304.3991046,6582.029988,200.5
N-28,61,59.33297214,-175.1021552,266.6968092,6584.318058,202.952381
N-29,61,59.33116524,-175.75556,229.5593631,6586.590357,204.3809524
N-30,61,59.33638463,-176.3863895,193.7801026,6589.904813,205.3414634
N-31,61,59.33422732,-177.0618217,155.4246878,6592.970479,205.8292683
O-01,20,59.66486537,-167.9457095,672.04141,6618.048102,175.7560976
O-02,20,59.6568031,-167.2776,709.701262,6619.073081,174.8095238
O-03,20,59.66005024,-166.6216171,746.5995234,6621.690524,171.452381
O-04,20,59.63402167,-165.9446638,784.9024249,6621.509349,170.1190476
O-18,20,59.66552854,-168.6178202,634.1924518,6616.571068,178.0243902
O-19,20,59.66788366,-169.2691083,597.503886,6615.696414,180.4390244
O-20,41,59.66971927,-169.9209841,560.7821263,6615.123528,183.2195122
O-21,41,59.66668524,-170.582641,523.512988,6614.365545,185.4761905
O-22,41,59.66599262,-171.2465629,486.108926,6614.240296,188.7857143
O-23,43,59.66607833,-171.8996326,449.3167825,6614.567483,190.4761905
O-24,43,59.66603357,-172.5696129,411.5751664,6615.264536,193.2857143
O-25,43,59.67113048,-173.2437107,373.6268323,6616.922827,194.5
O-26,62,59.66614262,-173.867184,338.4995724,6617.719982,197.4047619
O-27,62,59.66415929,-174.4578333,305.2365614,6619.085023,200.5
O-28,61,59.66386048,-175.1221281,267.8470266,6621.1894,202.7142857
O-29,61,59.66967405,-175.8707886,225.7770145,6624.694292,204.1666667
O-30,61,59.66935524,-176.5445383,187.8969789,6627.638583,205.1428571
O-31,61,59.66992286,-177.1447879,154.1753797,6630.681562,205.5714286
P-01,20,59.99826024,-167.9869176,668.0328528,6655.045033,176.3658537
P-18,20,59.9995039,-168.6504573,631.035649,6653.683175,177.8780488
P-19,20,59.99859951,-169.3177607,593.828636,6652.448225,180.3414634
P-20,41,60.0022878,-169.9666617,557.6316735,6652.116078,183.2195122
P-21,41,60.00070762,-170.6288069,520.7037758,6651.548077,185.4761905
P-22,41,59.99458476,-171.301471,483.18194,6650.846424,188.7857143
P-23,43,59.99626381,-171.9623336,446.318473,6651.385515,190.5238095
P-24,43,59.99634952,-172.6276605,409.2089716,6652.121541,193.5
P-25,43,60.00627684,-173.2936055,372.109316,6654.32766,195.2105263
P-26,43,60.00239143,-173.9464307,335.7030011,6655.337325,197.8095238
P-27,62,59.99861833,-174.5969514,299.4279227,6656.712275,200.3809524
P-28,61,60.00065262,-175.2647624,262.2360192,6659.152597,203.1428571
P-29,61,59.99837405,-175.9303269,225.1541584,6661.480461,204.2619048
P-30,61,60.00258405,-176.7052774,182.0610716,6665.425138,205.3095238
P-31,61,60.00096429,-177.2202014,153.4031744,6667.836044,205.7857143
P-32,61,60.00483275,-177.9079103,115.2170999,6672.075181,205.375
Q-01,20,60.32816537,-167.9722998,667.1631026,6691.798051,176.6585366
Q-02,20,60.33407026,-167.2929837,704.6077387,6694.371218,176.8947368
Q-18,20,60.3283339,-168.6668315,628.8288999,6690.257481,178
Q-19,20,60.3278278,-169.3163734,592.971324,6689.108521,180.195122
Q-20,20,60.32773927,-170.0139966,554.4507371,6688.318777,183.097561
Q-21,41,60.32879214,-170.6528926,519.168352,6688.079388,186.1666667
Q-22,41,60.33128714,-171.3496731,480.6914356,6688.358011,188.7380952
Q-23,43,60.33507357,-172.0671586,441.0810504,6689.205323,190.1904762
Q-25,43,60.32013351,-173.3962311,367.6568513,6689.469486,194.6216216
Q-26,43,60.33634762,-174.0805624,329.9623187,6692.8439,197.952381
Q-27,62,60.33089,-174.7144338,294.9631887,6694.040457,200.7619048
Q-28,61,60.33453714,-175.3866655,257.9172339,6696.727151,203.0952381
Q-29,61,60.3325431,-176.0378869,222.0062348,6699.076489,204.1904762
Q-30,61,60.33547048,-176.7248476,184.188369,6702.49948,204.9761905
Q-31,61,60.33468878,-177.3804634,148.0855857,6705.738338,205.3414634
R-01,70,60.68439333,-168.00567,663.5164097,6731.361307,227.3333333
R-02,70,60.67069833,-167.3344083,700.2345565,6731.696111,225.3333333
R-03,70,60.671026,-166.693754,735.1964044,6733.856582,225.6
R-18,70,60.66379167,-168.69645,625.8864384,6727.546401,223.8333333
R-19,70,60.67159,-169.3752583,588.7750959,6727.305932,224.5
R-20,70,60.67345333,-170.0660017,551.0326469,6726.778645,224.3333333
R-21,81,60.67471,-170.763868,512.9017693,6726.579135,222.6
R-22,41,60.66009415,-171.4321739,476.3762793,6725.005724,191.3658537
R-23,41,60.66321262,-172.1145345,439.0843043,6725.791906,192.1428571
R-24,41,60.66924829,-172.7668722,403.4531772,6727.245597,194.902439
R-25,41,60.66631214,-173.4631102,365.4069978,6728.143281,196.0952381
R-26,41,60.6689369,-174.1268124,329.1706355,6729.978233,198.047619
R-27,41,60.66580976,-174.8093345,291.8877707,6731.599093,201.3095238
R-28,61,60.6677119,-175.4559336,256.6114466,6734.033555,202.4047619
R-29,61,60.66951976,-176.2021219,215.9239083,6737.232375,203.8571429
R-30,61,60.66785833,-176.8078357,182.8869731,6739.822303,204.8333333
R-31,61,60.66759829,-177.5134971,144.4364562,6743.411464,205.0731707
R-32,61,60.669012,-178.1713175,108.6377765,6747.314996,204.825
S-01,70,61.019222,-168.037606,660.088882,6768.549931,226.6
S-02,70,61.00033667,-167.3472933,697.4866687,6768.333399,225.5
S-03,70,61.005328,-166.676936,733.659716,6771.096376,226.2
S-18,70,61.00563,-168.7320733,622.624027,6765.537584,223.1666667
S-19,70,61.004314,-169.430318,584.8804228,6764.284917,223
S-20,70,60.992754,-170.103418,548.5023842,6762.312154,222.6
S-21,81,61.00537333,-170.810205,510.2634771,6763.400725,223.6666667
S-22,41,60.98720585,-171.4790985,474.0772939,6761.457062,191.8780488
S-23,41,60.99718293,-172.1478359,437.9150404,6763.017501,192.6585366
S-24,41,60.99694244,-172.8031878,402.4722341,6763.789166,195.6097561
S-25,41,60.9983239,-173.4868593,365.5114247,6765.153928,197.2439024
S-26,41,60.99781854,-174.1733495,328.4014678,6766.702062,199.7317073
S-27,82,61.00151054,-174.8782862,290.334525,6769.165492,201.2432432
S-28,90,60.99925395,-175.5438829,254.3711441,6771.229466,203.5
S-29,90,60.99708026,-176.2804595,214.5902153,6773.976709,202.9473684
S-30,90,61.00560026,-176.9769708,177.0987438,6778.162124,204.9487179
S-31,90,61.00056541,-177.6211811,142.3176166,6780.95598,203.5405405
T-01,70,61.33541833,-168.067695,656.8841319,6803.672352,226
T-02,70,61.331825,-167.3722067,694.0920854,6805.142476,225.3333333
T-03,70,61.34191167,-166.7848767,725.414006,6808.152655,226.1666667
T-18,70,61.33097333,-168.7540733,620.1902714,6801.720826,222
T-19,70,61.33474167,-169.4534533,582.7591773,6801.05345,224
T-20,70,61.33321,-170.1668433,544.5883303,6800.18717,223.6666667
T-21,81,61.34171,-170.83643,508.7516199,6800.860492,218.4
T-22,81,61.33577667,-171.5218183,472.0756318,6800.300192,215.8333333
T-23,81,61.33795833,-172.24317,433.4804672,6801.06489,216.1666667
T-24,81,61.34677,-172.9274767,396.899699,6802.935191,215.8333333
T-25,82,61.326425,-173.5831772,361.7479659,6801.881964,199.6388889
T-26,82,61.33327306,-174.3158553,322.5946925,6804.415796,200.6944444
T-27,82,61.33212162,-174.990837,286.5027903,6806.309261,201.7297297
T-28,90,61.33235351,-175.6609419,250.6958365,6808.711761,202.7567568
T-29,90,61.33279,-176.3085276,216.1121601,6811.407228,203.5526316
T-30,90,61.33755579,-176.9681911,180.9487724,6814.98679,203.5263158
U-01,70,61.678748,-168.090588,653.9528282,6841.835168,225
U-02,70,61.66977,-167.4033767,690.3484193,6842.654392,225
U-03,70,61.65769167,-166.7399167,725.516742,6843.431423,225.8333333
U-18,70,61.66108333,-168.7923383,616.8978583,6838.407979,223.5
U-19,70,61.672364,-169.489636,579.9518848,6838.60973,223.2
U-20,70,61.669362,-170.192738,542.7389136,6837.612663,223.2
U-21,81,61.67015,-170.9074417,504.9002837,6837.438901,220.3333333
U-22,81,61.66476167,-171.5562733,470.5445319,6836.961038,215.8333333
U-23,81,61.662332,-172.301428,431.0847758,6837.253455,213.8
U-24,81,61.679826,-173.081476,389.8489028,6840.274904,210
U-25,82,61.658975,-173.6575628,359.278439,6839.063702,200.6388889
U-26,82,61.66635778,-174.4316689,318.3557368,6841.803072,200.8611111
U-27,82,61.66518703,-175.0624641,284.9869006,6843.595959,201.9189189
U-28,82,61.66921711,-175.7877721,246.6772051,6846.655766,203.8947368
U-29,90,61.66618737,-176.4594918,211.1636096,6849.119763,203.2631579
V-01,70,62.006156,-168.132936,650.1036844,6878.183094,225
V-02,70,61.987874,-167.408382,688.1250734,6878.037355,224.8
V-03,70,62.00988833,-166.6983317,725.1182341,6882.749028,224.6666667
V-18,70,61.993085,-168.8368233,613.3119561,6875.298657,222.8333333
V-19,70,62.01356,-169.5630817,575.2240196,6876.523773,223.1666667
V-20,70,61.99927833,-170.261835,538.663396,6874.319662,222.5
V-21,70,61.99704333,-170.981565,500.9656688,6873.850909,216.3333333
V-22,70,61.99933667,-171.63849,466.5572865,6874.270781,216
V-23,81,61.99927,-172.3690967,428.2925309,6874.855323,215.6666667
V-24,81,62.007105,-173.0765833,391.2728438,6876.711723,213.3333333
V-25,82,61.990195,-173.7284542,357.0752456,6876.093145,200.6944444
V-26,82,61.99964667,-174.4901303,317.2575584,6879.057283,200.8611111
V-27,82,61.9880973,-175.1468768,282.8191858,6879.797231,201.9459459
V-28,82,61.98936595,-175.8322541,246.9793311,6882.423446,202.6216216
W-01,70,62.34355167,-168.151925,647.4574136,6915.700259,223.3333333
W-02,70,62.33918667,-167.4536717,683.6120275,6917.002033,223.3333333
W-03,70,62.33780667,-166.7258733,721.267684,6919.127633,223.3333333
W-18,70,62.337522,-168.864334,610.606382,6913.607434,220.4
W-19,70,62.34691333,-169.597295,572.6290031,6913.615164,222.1666667
W-20,70,62.32903333,-170.2889467,536.8402396,6911.038124,220.8333333
W-21,70,62.342855,-171.046755,497.5786639,6912.376365,216.5
W-22,81,62.32696333,-171.7506217,461.1070828,6910.830683,216
W-23,81,62.32896,-172.43712,425.5448383,6911.654524,215.5
W-24,81,62.337746,-173.169516,387.6418327,6913.690726,210.4
W-25,81,62.332706,-173.858916,351.9281592,6914.517606,210
W-26,81,62.32919,-174.5975133,313.6778821,6916.036002,210.5
W-27,81,62.32551333,-175.2993783,277.3354122,6917.846969,210.1666667
X-01,70,62.66263333,-168.1932567,643.7736022,6951.130828,223.3333333
X-02,70,62.663172,-167.463436,681.1302588,6953.029788,223
X-03,70,62.656358,-166.743972,717.9928228,6954.499086,223.2
X-18,70,62.66427167,-168.9022667,607.4600626,6949.932032,217.8333333
X-19,70,62.66985,-169.6082,571.289136,6949.574999,219
X-20,70,62.67842333,-170.3302917,534.2945896,6949.938979,220
X-21,70,62.655532,-171.057928,497.0312793,6947.211876,220
X-22,70,62.67022,-171.817578,458.121948,6949.112402,219.6
X-23,81,62.66573,-172.4869,423.8297937,6949.22479,218.5
X-24,81,62.66717167,-173.1954883,387.5446511,6950.421684,218.8333333
X-25,81,62.66192333,-173.9306283,349.880009,6951.334126,218.1666667
X-26,81,62.660546,-174.639902,313.5646861,6953.032163,216.6
Y-01,70,63.00103833,-168.2139717,641.081755,6988.762003,220.3333333
Y-02,70,62.99471667,-167.4542783,679.564929,6989.953125,222.3333333
Y-03,70,63.00422,-166.7372633,715.7701862,6993.216013,221.8333333
Y-04,70,62.99955167,-166.027995,751.6626703,6995.277098,220.1666667
Y-18,70,62.89397667,-168.8853367,607.4871111,6975.542473,217.8333333
Y-20,70,62.95229,-170.507774,524.9730053,6980.369064,219.8
Y-21,70,62.99863167,-171.1292817,493.45125,6985.443342,220.5
Y-22,70,62.9899,-171.7982317,459.5543268,6984.714919,220.1666667
Y-23,81,63.010638,-172.594326,419.2788271,6987.775331,219.8
Y-24,81,63.003052,-173.24878,386.1226261,6987.920865,219.8
Y-25,81,62.995585,-173.9974517,348.1891917,6988.636518,220.3333333
Z-05,31,54.68498732,-165.1432059,877.3613815,6075.498932,167.4390244
ZZ-01,71,63.34777667,-168.25638,637.2841845,7027.276909,220.5
ZZ-02,71,63.32889333,-167.52865,673.7881368,7026.940868,220.1666667
ZZ-03,71,63.33673667,-166.7531833,712.5142325,7030.151206,222.3333333
ZZ-04,71,63.328835,-166.0206867,749.1861867,7031.912173,220.1666667
ZZ-05,71,63.33089,-165.308925,784.7196805,7035.107465,220.1666667
ZZ-21,70,63.259312,-171.139016,493.0210208,7014.489093,219.6
ZZ-22,70,63.296744,-171.970762,451.3295987,7019.02061,219
ZZ-23,81,63.32859333,-172.6347617,418.1338803,7023.244708,220.3333333
ZZ-24,81,63.33711833,-173.400265,379.8455752,7025.400472,220.3333333
